Workbook

Sheet MBK_NBFC
A1: MBK Payable
B2: Jan | C2: Feb | D2: March | E2: April | F2: May | G2: June | H2: July | I2: Total Payable exclusive of GST
A3: Shriram Finance | B3: =SUMIFS('Fixed Deposit'!$N:$N,'Fixed Deposit'!$C:$C,MBK_NBFC!$A3,'Fixed Deposit'!$I:$I,MBK_NBFC!B$6) -> 4326.3 | C3: =SUMIFS('Fixed Deposit'!$N:$N,'Fixed Deposit'!$C:$C,MBK_NBFC!$A3,'Fixed Deposit'!$I:$I,MBK_NBFC!C$6) -> 3789.4 | D3: =SUMIFS('Fixed Deposit'!$N:$N,'Fixed Deposit'!$C:$C,MBK_NBFC!$A3,'Fixed Deposit'!$I:$I,MBK_NBFC!D$6) -> 9225.6 | E3: =SUMIFS('Fixed Deposit'!$N:$N,'Fixed Deposit'!$C:$C,MBK_NBFC!$A3,'Fixed Deposit'!$I:$I,MBK_NBFC!E$6) -> 20879.3 | F3: =SUMIFS('Fixed Deposit'!$N:$N,'Fixed Deposit'!$C:$C,MBK_NBFC!$A3,'Fixed Deposit'!$I:$I,MBK_NBFC!F$6) -> 876.7 | G3: =SUMIFS('Fixed Deposit'!$N:$N,'Fixed Deposit'!$C:$C,MBK_NBFC!$A3,'Fixed Deposit'!$I:$I,MBK_NBFC!G$6) -> 6449.8 | H3: =SUMIFS('Fixed Deposit'!$N:$N,'Fixed Deposit'!$C:$C,MBK_NBFC!$A3,'Fixed Deposit'!$I:$I,MBK_NBFC!H$6) -> 17731.8 | I3: =SUM(B3:H3) -> 63278.9
A4: Bajaj Finance Ltd | B4: =SUMIFS('Fixed Deposit'!$N:$N,'Fixed Deposit'!$C:$C,MBK_NBFC!$A4,'Fixed Deposit'!$I:$I,MBK_NBFC!B$6) -> 0 | C4: =SUMIFS('Fixed Deposit'!$N:$N,'Fixed Deposit'!$C:$C,MBK_NBFC!$A4,'Fixed Deposit'!$I:$I,MBK_NBFC!C$6) -> 258.5 | D4: =SUMIFS('Fixed Deposit'!$N:$N,'Fixed Deposit'!$C:$C,MBK_NBFC!$A4,'Fixed Deposit'!$I:$I,MBK_NBFC!D$6) -> 593.5 | E4: =SUMIFS('Fixed Deposit'!$N:$N,'Fixed Deposit'!$C:$C,MBK_NBFC!$A4,'Fixed Deposit'!$I:$I,MBK_NBFC!E$6) -> 2830 | F4: =SUMIFS('Fixed Deposit'!$N:$N,'Fixed Deposit'!$C:$C,MBK_NBFC!$A4,'Fixed Deposit'!$I:$I,MBK_NBFC!F$6) -> 1341.9 | G4: =SUMIFS('Fixed Deposit'!$N:$N,'Fixed Deposit'!$C:$C,MBK_NBFC!$A4,'Fixed Deposit'!$I:$I,MBK_NBFC!G$6) -> 70.5 | H4: =SUMIFS('Fixed Deposit'!$N:$N,'Fixed Deposit'!$C:$C,MBK_NBFC!$A4,'Fixed Deposit'!$I:$I,MBK_NBFC!H$6) -> 322.9 | I4: =SUM(B4:H4) -> 5417.3 | J4: (Inclusive of GST)
A5: Mahindra Finance | B5: =SUMIFS('Fixed Deposit'!$N:$N,'Fixed Deposit'!$C:$C,MBK_NBFC!$A5,'Fixed Deposit'!$I:$I,MBK_NBFC!B$6) -> 0 | C5: =SUMIFS('Fixed Deposit'!$N:$N,'Fixed Deposit'!$C:$C,MBK_NBFC!$A5,'Fixed Deposit'!$I:$I,MBK_NBFC!C$6) -> 0 | D5: =SUMIFS('Fixed Deposit'!$N:$N,'Fixed Deposit'!$C:$C,MBK_NBFC!$A5,'Fixed Deposit'!$I:$I,MBK_NBFC!D$6) -> 0 | E5: =SUMIFS('Fixed Deposit'!$N:$N,'Fixed Deposit'!$C:$C,MBK_NBFC!$A5,'Fixed Deposit'!$I:$I,MBK_NBFC!E$6) -> 49 | F5: =SUMIFS('Fixed Deposit'!$N:$N,'Fixed Deposit'!$C:$C,MBK_NBFC!$A5,'Fixed Deposit'!$I:$I,MBK_NBFC!F$6) -> 102 | G5: =SUMIFS('Fixed Deposit'!$N:$N,'Fixed Deposit'!$C:$C,MBK_NBFC!$A5,'Fixed Deposit'!$I:$I,MBK_NBFC!G$6) -> 0 | H5: - | I5: =SUM(B5:H5) -> 151 | P5: 4313
B6: 1 | C6: 2 | D6: 3 | E6: 4 | F6: 5 | G6: 6 | H6: 7 | I6: =SUM(I3:I5) -> 68847.2 | P6: 3767
A7: Total Payable | B7: =SUM(B3:B5) -> 4326.3 | C7: =SUM(C3:C5) -> 4047.9 | D7: =SUM(D3:D5) -> 9819.1 | E7: =SUM(E3:E5) -> 23758.3 | F7: =SUM(F3:F5) -> 2320.6 | G7: =SUM(G3:G5) -> 6520.3 | H7: =SUM(H3:H5) -> 18054.7 | I7: =SUM(B7:H7) -> 68847.2 | P7: 9819
A8: MBK Payable(Data) | B8: {=TRANSPOSE(P5:P11)} -> 4313 | C8: 3767 | D8: 9819 | E8: 21301 | F8: 2219 | G8: 5164 | H8: 17176 | I8: =SUM(_xlfn.ANCHORARRAY(B8)) -> 63759 | P8: 21301
P9: 2219
P10: 5164
P11: 17176

Sheet Fixed Deposit
A1: Partner Name | B1: Name | C1: Issuer | D1: Application Number | E1: FD Account Number | F1: Mobile Number | G1: FD Amount | H1: Booking Date | I1: Month | J1: ROI | K1: Investment Period(Months) | L1: Concatenate | M1: Commission Rate | N1: Amount
A2: Mobikwik | B2: S******* G**** | C2: Shriram Finance | D2: S2507310450 | E2: 61640816 | F2: ******4142 | G2: 25000 | H2: 31/07/2025 | I2: =MONTH(H2) -> 7 | J2: 7.58 | K2: 12 | L2: =CONCATENATE('Fixed Deposit'!C2," ",'Fixed Deposit'!K2) -> Shriram Finance 12 | M2: =VLOOKUP(L2,'Commercials '!$C$1:$D$15,2,) -> 0.0026 | N2: =G2*M2 -> 65
A3: Mobikwik | B3: A**** A*** J*** | C3: Shriram Finance | D3: S2507310280 | E3: 61633945 | F3: ******8034 | G3: 5000 | H3: 31/07/2025 | I3: =MONTH(H3) -> 7 | J3: 7.77 | K3: 36 | L3: =CONCATENATE('Fixed Deposit'!C3," ",'Fixed Deposit'!K3) -> Shriram Finance 36 | M3: =VLOOKUP(L3,'Commercials '!$C$1:$D$15,2,) -> 0.0102 | N3: =G3*M3 -> 51
A4: Mobikwik | B4: D******* K | C4: Shriram Finance | D4: S2507310030 | E4: 61635022 | F4: ******8667 | G4: 9000 | H4: 30/07/2025 | I4: =MONTH(H4) -> 7 | J4: 7.72 | K4: 36 | L4: =CONCATENATE('Fixed Deposit'!C4," ",'Fixed Deposit'!K4) -> Shriram Finance 36 | M4: =VLOOKUP(L4,'Commercials '!$C$1:$D$15,2,) -> 0.0102 | N4: =G4*M4 -> 91.8
A5: Mobikwik | B5: C*********** P********** | C5: Shriram Finance | D5: S2507300224 | E5: 61625966 | F5: ******4725 | G5: 5000 | H5: 30/07/2025 | I5: =MONTH(H5) -> 7 | J5: 7.11 | K5: 12 | L5: =CONCATENATE('Fixed Deposit'!C5," ",'Fixed Deposit'!K5) -> Shriram Finance 12 | M5: =VLOOKUP(L5,'Commercials '!$C$1:$D$15,2,) -> 0.0026 | N5: =G5*M5 -> 13
A6: Mobikwik | B6: S***** K**** B***** | C6: Bajaj Finance Ltd | D6: 124987893 | E6: 1962454 | F6: ******4174 | G6: 15000 | H6: 30/07/2025 | I6: =MONTH(H6) -> 7 | J6: 6.95 | K6: 24 | L6: =CONCATENATE('Fixed Deposit'!C6," ",'Fixed Deposit'!K6) -> Bajaj Finance Ltd 24 | M6: 0.0068 | N6: =G6*M6 -> 102
A7: Mobikwik | B7: S**** D*** | C7: Shriram Finance | D7: S2507300051 | E7: 61623798 | F7: ******4807 | G7: 200000 | H7: 30/07/2025 | I7: =MONTH(H7) -> 7 | J7: 7.21 | K7: 18 | L7: =CONCATENATE('Fixed Deposit'!C7," ",'Fixed Deposit'!K7) -> Shriram Finance 18 | M7: =VLOOKUP(L7,'Commercials '!$C$1:$D$15,2,) -> 0.0026 | N7: =G7*M7 -> 520
A8: Mobikwik | B8: S***** U**** P**** | C8: Shriram Finance | D8: S2507290039 | E8: 61620886 | F8: ******6148 | G8: 5000 | H8: 29/07/2025 | I8: =MONTH(H8) -> 7 | J8: 7.16 | K8: 12 | L8: =CONCATENATE('Fixed Deposit'!C8," ",'Fixed Deposit'!K8) -> Shriram Finance 12 | M8: =VLOOKUP(L8,'Commercials '!$C$1:$D$15,2,) -> 0.0026 | N8: =G8*M8 -> 13
A9: Mobikwik | B9: G**** Y**** | C9: Shriram Finance | D9: S2507280058 | E9: 61621339 | F9: ******7179 | G9: 10000 | H9: 28/07/2025 | I9: =MONTH(H9) -> 7 | J9: 7.11 | K9: 12 | L9: =CONCATENATE('Fixed Deposit'!C9," ",'Fixed Deposit'!K9) -> Shriram Finance 12 | M9: =VLOOKUP(L9,'Commercials '!$C$1:$D$15,2,) -> 0.0026 | N9: =G9*M9 -> 26
A10: Mobikwik | B10: S**** D*** | C10: Shriram Finance | D10: S2507270256 | E10: 61620328 | F10: ******4807 | G10: 300000 | H10: 27/07/2025 | I10: =MONTH(H10) -> 7 | J10: 7.77 | K10: 36 | L10: =CONCATENATE('Fixed Deposit'!C10," ",'Fixed Deposit'!K10) -> Shriram Finance 36 | M10: =VLOOKUP(L10,'Commercials '!$C$1:$D$15,2,) -> 0.0102 | N10: =G10*M10 -> 3060
A11: Mobikwik | B11: C***** A*** K**** | C11: Shriram Finance | D11: S2507260006 | E11: 61616571 | F11: ******4593 | G11: 50000 | H11: 25/07/2025 | I11: =MONTH(H11) -> 7 | J11: 7.72 | K11: 36 | L11: =CONCATENATE('Fixed Deposit'!C11," ",'Fixed Deposit'!K11) -> Shriram Finance 36 | M11: =VLOOKUP(L11,'Commercials '!$C$1:$D$15,2,) -> 0.0102 | N11: =G11*M11 -> 510
A12: Mobikwik | B12: I**** D*** P****** | C12: Shriram Finance | D12: S2507250043 | E12: 61623470 | F12: ******4516 | G12: 70000 | H12: 25/07/2025 | I12: =MONTH(H12) -> 7 | J12: 8.19 | K12: 36 | L12: =CONCATENATE('Fixed Deposit'!C12," ",'Fixed Deposit'!K12) -> Shriram Finance 36 | M12: =VLOOKUP(L12,'Commercials '!$C$1:$D$15,2,) -> 0.0102 | N12: =G12*M12 -> 714
A13: Mobikwik | B13: B***** Y**** | C13: Shriram Finance | D13: S2507230105 | E13: 61611182 | F13: ******3629 | G13: 500000 | H13: 23/07/2025 | I13: =MONTH(H13) -> 7 | J13: 7.77 | K13: 36 | L13: =CONCATENATE('Fixed Deposit'!C13," ",'Fixed Deposit'!K13) -> Shriram Finance 36 | M13: =VLOOKUP(L13,'Commercials '!$C$1:$D$15,2,) -> 0.0102 | N13: =G13*M13 -> 5100
A14: Mobikwik | B14: V********** C********** C****** | C14: Shriram Finance | D14: S2507230097 | E14: 61611344 | F14: ******9482 | G14: 5000 | H14: 23/07/2025 | I14: =MONTH(H14) -> 7 | J14: 7.85 | K14: 36 | L14: =CONCATENATE('Fixed Deposit'!C14," ",'Fixed Deposit'!K14) -> Shriram Finance 36 | M14: =VLOOKUP(L14,'Commercials '!$C$1:$D$15,2,) -> 0.0102 | N14: =G14*M14 -> 51
A15: Mobikwik | B15: L***** K**** | C15: Shriram Finance | D15: S2507210306 | E15: 61608080 | F15: ******5713 | G15: 22000 | H15: 21/07/2025 | I15: =MONTH(H15) -> 7 | J15: 7.72 | K15: 60 | L15: =CONCATENATE('Fixed Deposit'!C15," ",'Fixed Deposit'!K15) -> Shriram Finance 60 | M15: =VLOOKUP(L15,'Commercials '!$C$1:$D$15,2,) -> 0.0119 | N15: =G15*M15 -> 261.8
A16: Mobikwik | B16: A***** P***** S**** | C16: Shriram Finance | D16: S2507200218 | E16: 61609821 | F16: ******6237 | G16: 5000 | H16: 20/07/2025 | I16: =MONTH(H16) -> 7 | J16: 7.11 | K16: 12 | L16: =CONCATENATE('Fixed Deposit'!C16," ",'Fixed Deposit'!K16) -> Shriram Finance 12 | M16: =VLOOKUP(L16,'Commercials '!$C$1:$D$15,2,) -> 0.0026 | N16: =G16*M16 -> 13
A17: Mobikwik | B17: G**** Y**** | C17: Shriram Finance | D17: S2507190264 | E17: 61605515 | F17: ******7179 | G17: 60000 | H17: 19/07/2025 | I17: =MONTH(H17) -> 7 | J17: 7.16 | K17: 18 | L17: =CONCATENATE('Fixed Deposit'!C17," ",'Fixed Deposit'!K17) -> Shriram Finance 18 | M17: =VLOOKUP(L17,'Commercials '!$C$1:$D$15,2,) -> 0.0026 | N17: =G17*M17 -> 156
A18: Mobikwik | B18: S**** N******* P******** | C18: Shriram Finance | D18: S2507190252 | E18: 61609811 | F18: ******3146 | G18: 80000 | H18: 19/07/2025 | I18: =MONTH(H18) -> 7 | J18: 7.16 | K18: 12 | L18: =CONCATENATE('Fixed Deposit'!C18," ",'Fixed Deposit'!K18) -> Shriram Finance 12 | M18: =VLOOKUP(L18,'Commercials '!$C$1:$D$15,2,) -> 0.0026 | N18: =G18*M18 -> 208
... A185: Mobikwik | B185: A*** N************ P**** | C185: Bajaj Finance Ltd | D185: 124987702 | E185: 1892471 | F185: ******7913 | G185: 20000 | H185: 02/04/2025 | I185: =MONTH(H185) -> 4 | J185: 8 | K185: 18 | L185: =CONCATENATE('Fixed Deposit'!C185," ",'Fixed Deposit'!K185) -> Bajaj Finance Ltd 18 | M185: =VLOOKUP(L185,'Commercials '!$C$1:$D$15,2,) -> 0.0047 | N185: =G185*M185 -> 94
A186: Mobikwik | B186: L****** S******* | C186: Bajaj Finance Ltd | D186: 124987697 | E186: 1890069 | F186: ******4572 | G186: 15000 | H186: 31/03/2025 | I186: =MONTH(H186) -> 3 | J186: 8.45 | K186: 44 | L186: =CONCATENATE('Fixed Deposit'!C186," ",'Fixed Deposit'!K186) -> Bajaj Finance Ltd 44 | M186: 0.0098 | N186: =G186*M186 -> 147
A187: Mobikwik | B187: A******** J****** | C187: Shriram Finance | D187: S2503300118 | E187: 61365166 | F187: ******9237 | G187: 5000 | H187: 30/03/2025 | I187: =MONTH(H187) -> 3 | J187: 8.8 | K187: 60 | L187: =CONCATENATE('Fixed Deposit'!C187," ",'Fixed Deposit'!K187) -> Shriram Finance 60 | M187: =VLOOKUP(L187,'Commercials '!$C$1:$D$15,2,) -> 0.0119 | N187: =G187*M187 -> 59.5
A188: Mobikwik | B188: A*** K**** | C188: Shriram Finance | D188: S2503290091 | E188: 61360899 | F188: ******6214 | G188: 20000 | H188: 29/03/2025 | I188: =MONTH(H188) -> 3 | J188: 7.59 | K188: 12 | L188: =CONCATENATE('Fixed Deposit'!C188," ",'Fixed Deposit'!K188) -> Shriram Finance 12 | M188: =VLOOKUP(L188,'Commercials '!$C$1:$D$15,2,) -> 0.0026 | N188: =G188*M188 -> 52
A189: Mobikwik | B189: R*** R************* R***** D*** | C189: Shriram Finance | D189: S2503280046 | E189: 61358040 | F189: ******5482 | G189: 200000 | H189: 28/03/2025 | I189: =MONTH(H189) -> 3 | J189: 8.57 | K189: 60 | L189: =CONCATENATE('Fixed Deposit'!C189," ",'Fixed Deposit'!K189) -> Shriram Finance 60 | M189: =VLOOKUP(L189,'Commercials '!$C$1:$D$15,2,) -> 0.0119 | N189: =G189*M189 -> 2380
A190: Mobikwik | B190: N**** J****** | C190: Shriram Finance | D190: S2503270365 | E190: 61358064 | F190: ******2977 | G190: 5000 | H190: 27/03/2025 | I190: =MONTH(H190) -> 3 | J190: 8.47 | K190: 50 | L190: =CONCATENATE('Fixed Deposit'!C190," ",'Fixed Deposit'!K190) -> Shriram Finance 50 | M190: =VLOOKUP(L190,'Commercials '!$C$1:$D$15,2,) -> 0.0111 | N190: =G190*M190 -> 55.5
A191: Mobikwik | B191: R****** M**** | C191: Shriram Finance | D191: S2503270286 | E191: 61360145 | F191: ******8859 | G191: 90000 | H191: 27/03/2025 | I191: =MONTH(H191) -> 3 | J191: 8.47 | K191: 50 | L191: =CONCATENATE('Fixed Deposit'!C191," ",'Fixed Deposit'!K191) -> Shriram Finance 50 | M191: =VLOOKUP(L191,'Commercials '!$C$1:$D$15,2,) -> 0.0111 | N191: =G191*M191 -> 999
A192: Mobikwik | B192: N**** J****** | C192: Shriram Finance | D192: S2503260527 | E192: 61357701 | F192: ******2977 | G192: 5000 | H192: 26/03/2025 | I192: =MONTH(H192) -> 3 | J192: 8.47 | K192: 50 | L192: =CONCATENATE('Fixed Deposit'!C192," ",'Fixed Deposit'!K192) -> Shriram Finance 50 | M192: =VLOOKUP(L192,'Commercials '!$C$1:$D$15,2,) -> 0.0111 | N192: =G192*M192 -> 55.5
A193: Mobikwik | B193: S************* B*** | C193: Shriram Finance | D193: S2503260498 | E193: 61354800 | F193: ******8442 | G193: 5000 | H193: 26/03/2025 | I193: =MONTH(H193) -> 3 | J193: 8.38 | K193: 36 | L193: =CONCATENATE('Fixed Deposit'!C193," ",'Fixed Deposit'!K193) -> Shriram Finance 36 | M193: =VLOOKUP(L193,'Commercials '!$C$1:$D$15,2,) -> 0.0102 | N193: =G193*M193 -> 51
A194: Mobikwik | B194: P***** A****** | C194: Bajaj Finance Ltd | D194: 124987683 | E194: 1883694 | F194: ******8755 | G194: 95000 | H194: 24/03/2025 | I194: =MONTH(H194) -> 3 | J194: 7.4 | K194: 12 | L194: =CONCATENATE('Fixed Deposit'!C194," ",'Fixed Deposit'!K194) -> Bajaj Finance Ltd 12 | M194: =VLOOKUP(L194,'Commercials '!$C$1:$D$15,2,) -> 0.0047 | N194: =G194*M194 -> 446.5
A195: Mobikwik | B195: A*** M***** | C195: Shriram Finance | D195: S2503230141 | E195: 61347559 | F195: ******1824 | G195: 11000 | H195: 23/03/2025 | I195: =MONTH(H195) -> 3 | J195: 7.69 | K195: 12 | L195: =CONCATENATE('Fixed Deposit'!C195," ",'Fixed Deposit'!K195) -> Shriram Finance 12 | M195: =VLOOKUP(L195,'Commercials '!$C$1:$D$15,2,) -> 0.0026 | N195: =G195*M195 -> 28.6
A196: Mobikwik | B196: R**** K**** | C196: Shriram Finance | D196: S2503230105 | E196: 61347520 | F196: ******4851 | G196: 5000 | H196: 23/03/2025 | I196: =MONTH(H196) -> 3 | J196: 7.59 | K196: 12 | L196: =CONCATENATE('Fixed Deposit'!C196," ",'Fixed Deposit'!K196) -> Shriram Finance 12 | M196: =VLOOKUP(L196,'Commercials '!$C$1:$D$15,2,) -> 0.0026 | N196: =G196*M196 -> 13
A197: Mobikwik | B197: D**** V******** | C197: Shriram Finance | D197: S2503230039 | E197: 61347506 | F197: ******7364 | G197: 20000 | H197: 23/03/2025 | I197: =MONTH(H197) -> 3 | J197: 8.47 | K197: 50 | L197: =CONCATENATE('Fixed Deposit'!C197," ",'Fixed Deposit'!K197) -> Shriram Finance 50 | M197: =VLOOKUP(L197,'Commercials '!$C$1:$D$15,2,) -> 0.0111 | N197: =G197*M197 -> 222
A198: Mobikwik | B198: A*** K**** P***** | C198: Shriram Finance | D198: S2503220177 | E198: 61347493 | F198: ******7050 | G198: 10000 | H198: 22/03/2025 | I198: =MONTH(H198) -> 3 | J198: 8.47 | K198: 50 | L198: =CONCATENATE('Fixed Deposit'!C198," ",'Fixed Deposit'!K198) -> Shriram Finance 50 | M198: =VLOOKUP(L198,'Commercials '!$C$1:$D$15,2,) -> 0.0111 | N198: =G198*M198 -> 111
... A301: Mobikwik | B301: G****** M****** Q****** | C301: Shriram Finance | D301: S2501020021 | E301: 61202894 | F301: ******2546 | G301: 7000 | H301: 01/01/2025 | I301: =MONTH(H301) -> 1 | J301: 8.47 | K301: 50 | L301: =CONCATENATE('Fixed Deposit'!C301," ",'Fixed Deposit'!K301) -> Shriram Finance 50 | M301: =VLOOKUP(L301,'Commercials '!$C$1:$D$15,2,) -> 0.0111 | N301: =G301*M301 -> 77.7
A302: Mobikwik | B302: J**** G*** | C302: Shriram Finance | D302: S2501010023 | E302: 61201843 | F302: ******8902 | G302: 14000 | H302: 31/12/2024 | I302: 1 | J302: 7.59 | K302: 12 | L302: =CONCATENATE('Fixed Deposit'!C302," ",'Fixed Deposit'!K302) -> Shriram Finance 12 | M302: =VLOOKUP(L302,'Commercials '!$C$1:$D$15,2,) -> 0.0026 | N302: =G302*M302 -> 36.4
A303: Mobikwik | B303: J**** G*** | C303: Shriram Finance | D303: S2501010022 | E303: 61203384 | F303: ******8902 | G303: 5000 | H303: 31/12/2024 | I303: 1 | J303: 7.59 | K303: 12 | L303: =CONCATENATE('Fixed Deposit'!C303," ",'Fixed Deposit'!K303) -> Shriram Finance 12 | M303: =VLOOKUP(L303,'Commercials '!$C$1:$D$15,2,) -> 0.0026 | N303: =G303*M303 -> 13
M304: Base Commission | N304: =SUM(N2:N303) -> 68847.2

Sheet Commercials 
A1: Issuer | B1: Tenure | C1: CONCATENATE | D1: Rate | F1: Mahindra | I1: Shriram | L1: Bajaj
A2: Bajaj Finance Ltd | B2: 12 | C2: =CONCATENATE(A2," ",B2) -> Bajaj Finance Ltd 12 | D2: 0.0047 | F2: FD Tenure | G2: Mobikwik | I2: FD Tenure | J2: Rate | L2: FD Tenure | M2: Rate
A3: Bajaj Finance Ltd | B3: 18 | C3: =CONCATENATE(A3," ",B3) -> Bajaj Finance Ltd 18 | D3: 0.0047 | F3: 12 Months | G3: 1.1 | I3: 12 Months | J3: 0.26 | L3: 12 to 23 Months | M3: 0.47
A4: Bajaj Finance Ltd | B4: 22 | C4: =CONCATENATE(A4," ",B4) -> Bajaj Finance Ltd 22 | D4: 0.0047 | F4: 15 Months | I4: 18 Months | J4: 0.26 | L4: 15 Months | M4: 0.43
A5: Bajaj Finance Ltd | B5: 42 | C5: =CONCATENATE(A5," ",B5) -> Bajaj Finance Ltd 42 | D5: 0.0098 | F5: 24 Months | G5: 0.34 | I5: 24 Months | J5: 0.51 | L5: 24 Months to 35 Months | M5: 0.68
A6: Mahindra Finance | B6: 12 | C6: =CONCATENATE(A6," ",B6) -> Mahindra Finance 12 | D6: 0.0098 | F6: 30 Months | I6: 30 Months | J6: 0.51 | L6: 36 Months to 47 Months | M6: 0.98
A7: Mahindra Finance | B7: 36 | C7: =CONCATENATE(A7," ",B7) -> Mahindra Finance 36 | D7: 0.0068 | F7: 36 Months | G7: 0.68 | I7: 36 Months | J7: 1.02 | L7: 42 Months
A8: Shriram Finance | B8: 12 | C8: =CONCATENATE(A8," ",B8) -> Shriram Finance 12 | D8: 0.0026 | F8: 42 Months | I8: 42 Months | J8: 1.02 | L8: 44 Months | M8: 0.89
A9: Shriram Finance | B9: 18 | C9: =CONCATENATE(A9," ",B9) -> Shriram Finance 18 | D9: 0.0026 | F9: 48 Months | G9: 0.77 | I9: 50 Months | J9: 1.11 | L9: 48 to 60 Months | M9: 1.32
A10: Shriram Finance | B10: 24 | C10: =CONCATENATE(A10," ",B10) -> Shriram Finance 24 | D10: 0.0051 | F10: 60 Months | G10: 0.85 | I10: 60 Months | J10: 1.19
A11: Shriram Finance | B11: 30 | C11: =CONCATENATE(A11," ",B11) -> Shriram Finance 30 | D11: 0.0051
A12: Shriram Finance | B12: 36 | C12: =CONCATENATE(A12," ",B12) -> Shriram Finance 36 | D12: 0.0102
A13: Shriram Finance | B13: 42 | C13: =CONCATENATE(A13," ",B13) -> Shriram Finance 42 | D13: 0.0102
A14: Shriram Finance | B14: 50 | C14: =CONCATENATE(A14," ",B14) -> Shriram Finance 50 | D14: 0.0111
A15: Shriram Finance | B15: 60 | C15: =CONCATENATE(A15," ",B15) -> Shriram Finance 60 | D15: 0.0119
